{
  "ABIRoot": {
    "kind": "Root",
    "name": "TopLevel",
    "printedName": "TopLevel",
    "children": [
      {
        "kind": "Import",
        "name": "MLFoundations",
        "printedName": "MLFoundations",
        "declKind": "Import",
        "moduleName": "TestXCFramework",
        "declAttributes": [
          "RawDocComment"
        ]
      },
      {
        "kind": "Import",
        "name": "CoreML",
        "printedName": "CoreML",
        "declKind": "Import",
        "moduleName": "TestXCFramework"
      },
      {
        "kind": "TypeDecl",
        "name": "TestLibWithXCFramework",
        "printedName": "TestLibWithXCFramework",
        "children": [
          {
            "kind": "Constructor",
            "name": "init",
            "printedName": "init()",
            "children": [
              {
                "kind": "TypeNominal",
                "name": "TestLibWithXCFramework",
                "printedName": "TestXCFramework.TestLibWithXCFramework",
                "usr": "s:15TestXCFramework0a7LibWithB0C"
              }
            ],
            "declKind": "Constructor",
            "usr": "s:15TestXCFramework0a7LibWithB0CACycfc",
            "mangledName": "$s15TestXCFramework0a7LibWithB0CACycfc",
            "moduleName": "TestXCFramework",
            "declAttributes": [
              "AccessControl"
            ],
            "init_kind": "Designated"
          },
          {
            "kind": "Function",
            "name": "someStaticFunction",
            "printedName": "someStaticFunction()",
            "children": [
              {
                "kind": "TypeNominal",
                "name": "String",
                "printedName": "Swift.String",
                "usr": "s:SS"
              }
            ],
            "declKind": "Func",
            "usr": "s:15TestXCFramework0a7LibWithB0C18someStaticFunctionSSyFZ",
            "mangledName": "$s15TestXCFramework0a7LibWithB0C18someStaticFunctionSSyFZ",
            "moduleName": "TestXCFramework",
            "static": true,
            "declAttributes": [
              "Final",
              "AccessControl",
              "RawDocComment"
            ],
            "funcSelfKind": "NonMutating"
          },
          {
            "kind": "Function",
            "name": "someNonStaticFunction",
            "printedName": "someNonStaticFunction()",
            "children": [
              {
                "kind": "TypeNominal",
                "name": "String",
                "printedName": "Swift.String",
                "usr": "s:SS"
              }
            ],
            "declKind": "Func",
            "usr": "s:15TestXCFramework0a7LibWithB0C21someNonStaticFunctionSSyF",
            "mangledName": "$s15TestXCFramework0a7LibWithB0C21someNonStaticFunctionSSyF",
            "moduleName": "TestXCFramework",
            "declAttributes": [
              "AccessControl",
              "RawDocComment"
            ],
            "funcSelfKind": "NonMutating"
          },
          {
            "kind": "Function",
            "name": "someFunctionWithParam",
            "printedName": "someFunctionWithParam(input:)",
            "children": [
              {
                "kind": "TypeNominal",
                "name": "String",
                "printedName": "Swift.String",
                "usr": "s:SS"
              },
              {
                "kind": "TypeNominal",
                "name": "String",
                "printedName": "Swift.String",
                "usr": "s:SS"
              }
            ],
            "declKind": "Func",
            "usr": "s:15TestXCFramework0a7LibWithB0C012someFunctionD5Param5inputS2S_tF",
            "mangledName": "$s15TestXCFramework0a7LibWithB0C012someFunctionD5Param5inputS2S_tF",
            "moduleName": "TestXCFramework",
            "declAttributes": [
              "AccessControl",
              "RawDocComment"
            ],
            "funcSelfKind": "NonMutating"
          }
        ],
        "declKind": "Class",
        "usr": "s:15TestXCFramework0a7LibWithB0C",
        "mangledName": "$s15TestXCFramework0a7LibWithB0C",
        "moduleName": "TestXCFramework",
        "declAttributes": [
          "AccessControl",
          "RawDocComment"
        ]
      }
    ],
    "json_format_version": 8
  },
  "ConstValues": []
}